Top queries,Clicks,Impressions,CTR,Position
osom,7,75,9.33%,16.87
agence web valais,0,872,0%,76.78
création site internet valais,0,496,0%,65.65
agence seo sion,0,232,0%,37.91
agence marketing valais,0,144,0%,32.31
agence marketing digital valais,0,135,0%,34.53
création de site internet valais,0,129,0%,67.24
seo valais,0,120,0%,32.26
agence marketing sion,0,106,0%,46.54
agence seo valais,0,100,0%,34.8
expert publicité digitale valais,0,95,0%,25.04
référencement valais,0,94,0%,36.86
agence réseaux sociaux valais,0,93,0%,50.17
référencement local valais,0,92,0%,41.33
création site vitrine valais,0,92,0%,48.16
consultant seo valais,0,91,0%,39.6
expert seo valais,0,90,0%,38.49
stratégie réseaux sociaux valais,0,90,0%,48.39
gestion réseaux sociaux valais,0,88,0%,64.62
référencement seo valais,0,83,0%,45.06
site vitrine valais,0,82,0%,72.37
création site web valais,0,80,0%,65.83
marketing digital valais,0,75,0%,55.73
créer site web valais,0,72,0%,63.44
agence création site web valais,0,68,0%,64.34
création de site web valais,0,66,0%,69.8
développeur site internet valais,0,65,0%,59.78
référencement naturel valais,0,64,0%,64.83
agence de marketing opérationnel,0,63,0%,5.43
gestion site web valais,0,62,0%,52.21
seo monthey,0,58,0%,36.14
agence référencement seo en valais,0,52,0%,36.69
agence spécialiste seo,0,51,0%,20.37
référencement seo monthey,0,51,0%,27.1
agence social media sion,0,51,0%,77.59
services de marketing en valais,0,48,0%,31.85
référencement site sierre,0,48,0%,40.9
conseils marketing valais,0,47,0%,38.32
développement site internet valais,0,46,0%,69.11
agence digitale valais,0,46,0%,75.41
agence web en valais,0,46,0%,91.78
référencement seo martigny,0,45,0%,25.53
référencement en valais,0,45,0%,35.42
référencement seo sion,0,44,0%,38.11
référencement de site internet martigny,0,44,0%,57.82
référencement seo suisse romande,0,44,0%,82.64
référencement site martigny,0,43,0%,38.05
agence de marketing en valais,0,41,0%,40.93
référencement site sion,0,41,0%,55.71
référencement de site en valais,0,40,0%,38.33
référencement seo sierre,0,39,0%,20.72
référencement de site internet sierre,0,39,0%,40.49
marketing valais,0,39,0%,56.31
créer site internet valais,0,39,0%,63.1
référencement site monthey,0,39,0%,77.74
référencement sion,0,39,0%,77.97
comment référencer son site en valais,0,38,0%,21.63
creation site web valais,0,37,0%,66.59
stratégie digitale valais,0,36,0%,70.47
seo sea pour artisans,0,36,0%,72.81
agence de marketing valais,0,34,0%,28.71
agence de marketing digital à valais,0,34,0%,38.03
agence de marketing digital valais,0,33,0%,39.27
agence web marketing valais,0,33,0%,45.03
agence site web valais,0,33,0%,81.55
agence marketing digital sion,0,31,0%,72.65
référencement de site internet sion,0,31,0%,76.16
seo sion,0,29,0%,73
agence de marketing digital à sion,0,28,0%,61.71
agence digitale sion,0,23,0%,67.83
site internet valais,0,23,0%,97.43
agence seo,0,22,0%,4.36
marketing digital sion,0,22,0%,76.91
agence web sion,0,22,0%,80.09
agence digitale monthey,0,21,0%,29.43
creation de site web valais,0,19,0%,68.63
référencement de site internet monthey,0,18,0%,49.61
agence google ads valais,0,17,0%,66.41
blog marketing sion,0,17,0%,67.35
agence de referencement à sion,0,17,0%,69.47
agence de communication valais,0,17,0%,99.65
blog marketing valais,0,16,0%,33.81
agence de marketing,0,15,0%,1
création site e-commerce valais,0,15,0%,80.13
referencement suisse romande,0,14,0%,71.86
agence de publicité,0,13,0%,1
seo sea artisans,0,12,0%,45.42
agence web monthey,0,11,0%,28.27
spécialiste en marketing valais,0,9,0%,81.33
création site web sion,0,9,0%,83.44
agence sea suisse romande,0,9,0%,94
consultant seo fribourg,0,8,0%,91.62
agence seo suisse romande,0,8,0%,92.25
agence de communication,0,7,0%,1
site internet pour pme valais,0,7,0%,84.86
création web valais,0,6,0%,69
référencement monthey,0,6,0%,85.5
agence marketing digital,0,5,0%,2
création site internet monthey,0,5,0%,36
audit seo gratuit genève,0,5,0%,68.6
conception web sion,0,5,0%,90.2
agence seo suisse,0,4,0%,2.5
marketing,0,4,0%,3.75
publicité,0,4,0%,7.25
publicité en ligne valais,0,4,0%,36
référencement de site en suisse romande,0,4,0%,80.75
création site internet martigny,0,4,0%,94.5
seo agentur monthey,0,3,0%,8.33
site web valais,0,3,0%,92
agence seo fribourg,0,3,0%,97
expert seo fribourg,0,2,0%,42.5
seo artisanat,0,2,0%,54
agence développement web custom,0,2,0%,63.5
expert publicité digitale genève,0,2,0%,80
spécialiste marketing valais,0,2,0%,88.5
migration seo geneve,0,2,0%,97
gestion de reseaux sociaux le locle,0,2,0%,99.5
agence de marketing digital,0,1,0%,1
agence web seo,0,1,0%,1
local guide program,0,1,0%,1
consultant seo,0,1,0%,3
marketing digital suisse,0,1,0%,3
publicite marketing,0,1,0%,3
agence emailing,0,1,0%,4
business marketing,0,1,0%,4
agence marketing,0,1,0%,6
entreprise publicitaire,0,1,0%,7
formation marketing digital,0,1,0%,7
marketing local,0,1,0%,9
marketing digital,0,1,0%,10
agence gestion réseaux sociaux,0,1,0%,11
marketing creation,0,1,0%,12
os om,0,1,0%,12
agence web,0,1,0%,14
référencement seo en valais,0,1,0%,18
spécialiste marketing sion,0,1,0%,49
réseaux sociaux pme valais,0,1,0%,55
agence développement web sur mesure lausanne,0,1,0%,56
agence performance saas,0,1,0%,60
cost optimization valais,0,1,0%,64
création vente en ligne valais,0,1,0%,72
seo agency fribourg,0,1,0%,79